{
    "accuracy": 0.9368149580915538,
    "precision": 0.7569060773480663,
    "recall": 0.7172774869109948,
    "auc": 0.909429858330767,
    "f1": 0.7365591397849462
}
